rounded_score	count	probability
0	489104	0.489104000000
1	315472	0.315472000000
2	98726	0.098726000000
3	52446	0.052446000000
4	18362	0.018362000000
5	11900	0.011900000000
6	6276	0.006276000000
7	3462	0.003462000000
8	1850	0.001850000000
9	1208	0.001208000000
10	620	0.000620000000
11	278	0.000278000000
12	132	0.000132000000
13	28	0.000028000000
14	38	0.000038000000
15	34	0.000034000000
16	48	0.000048000000
17	16	0.000016000000
